id,device_id,temperature,humidity,measurement,timestamp
864,1,0.00,0.00,148.00,2023-03-16 12:13:00.917551+00:00
863,1,0.00,0.00,148.00,2023-03-16 12:08:00.938718+00:00
862,1,0.00,0.00,152.00,2023-03-16 12:03:01.019446+00:00
861,1,0.00,0.00,152.00,2023-03-16 11:58:01.068366+00:00
860,1,0.00,0.00,152.00,2023-03-16 11:53:01.245715+00:00
859,1,0.00,0.00,152.00,2023-03-16 11:48:01.250648+00:00
858,1,0.00,0.00,152.00,2023-03-16 11:43:01.316078+00:00
857,1,0.00,0.00,152.00,2023-03-16 11:38:01.400738+00:00
856,1,0.00,0.00,152.00,2023-03-16 11:33:01.404787+00:00
855,1,0.00,0.00,147.00,2023-03-16 11:28:01.398735+00:00
854,1,0.00,0.00,147.00,2023-03-16 11:23:01.560992+00:00
853,1,0.00,0.00,147.00,2023-03-16 11:18:01.821049+00:00
852,1,0.00,0.00,147.00,2023-03-16 11:13:18.456506+00:00
851,1,0.00,0.00,147.00,2023-03-16 11:12:03.483116+00:00
850,1,0.00,0.00,147.00,2023-03-16 11:07:03.657026+00:00
849,1,0.00,0.00,151.00,2023-03-16 11:02:03.780539+00:00
848,1,0.00,0.00,151.00,2023-03-16 10:57:03.671647+00:00
847,1,0.00,0.00,147.00,2023-03-16 10:52:03.726485+00:00
846,1,0.00,0.00,147.00,2023-03-16 10:47:03.803476+00:00
845,1,0.00,0.00,151.00,2023-03-16 10:42:03.963661+00:00
844,1,0.00,0.00,151.00,2023-03-16 10:37:04.254778+00:00
843,1,0.00,0.00,151.00,2023-03-16 10:32:04.124406+00:00
842,1,0.00,0.00,151.00,2023-03-16 10:27:04.122262+00:00
841,1,0.00,0.00,151.00,2023-03-16 10:22:04.123725+00:00
840,1,0.00,0.00,151.00,2023-03-16 10:17:04.217192+00:00
839,1,0.00,0.00,151.00,2023-03-16 10:12:18.739752+00:00
838,1,0.00,0.00,151.00,2023-03-16 10:10:53.244997+00:00
837,1,0.00,0.00,146.00,2023-03-16 10:05:53.400187+00:00
836,1,0.00,0.00,155.00,2023-03-16 10:00:53.421735+00:00
835,1,0.00,0.00,146.00,2023-03-16 09:55:53.392357+00:00
834,1,0.00,0.00,146.00,2023-03-16 09:50:53.396692+00:00
833,1,0.00,0.00,146.00,2023-03-16 09:45:53.470966+00:00
832,1,0.00,0.00,151.00,2023-03-16 09:40:53.557355+00:00
831,1,0.00,0.00,151.00,2023-03-16 09:35:53.748321+00:00
830,1,0.00,0.00,151.00,2023-03-16 09:30:53.719918+00:00
829,1,0.00,0.00,151.00,2023-03-16 09:25:53.717160+00:00
828,1,0.00,0.00,151.00,2023-03-16 09:20:53.724766+00:00
827,1,0.00,0.00,151.00,2023-03-16 09:15:53.828881+00:00
826,1,0.00,0.00,151.00,2023-03-16 09:11:11.521383+00:00
825,1,0.00,0.00,151.00,2023-03-16 09:10:36.761792+00:00
824,1,0.00,0.00,155.00,2023-03-16 09:05:36.834924+00:00
823,1,0.00,0.00,186.00,2023-03-16 09:00:36.920879+00:00
822,1,0.00,0.00,181.00,2023-03-16 08:55:37.083615+00:00
821,1,0.00,0.00,181.00,2023-03-16 08:50:37.096992+00:00
820,1,0.00,0.00,181.00,2023-03-16 08:45:37.115104+00:00
819,1,0.00,0.00,176.00,2023-03-16 08:40:37.086165+00:00
818,1,0.00,0.00,176.00,2023-03-16 08:35:37.164604+00:00
817,1,0.00,0.00,176.00,2023-03-16 08:30:37.249004+00:00
816,1,0.00,0.00,181.00,2023-03-16 08:25:37.399071+00:00
815,1,0.00,0.00,172.00,2023-03-16 08:20:37.430435+00:00
814,1,0.00,0.00,176.00,2023-03-16 08:15:37.403161+00:00
813,1,0.00,0.00,201.00,2023-03-16 08:10:53.207863+00:00
812,1,0.00,0.00,206.00,2023-03-16 08:07:49.006122+00:00
811,1,0.00,0.00,206.00,2023-03-16 08:02:49.092014+00:00
810,1,0.00,0.00,206.00,2023-03-16 07:57:48.802857+00:00
809,1,0.00,0.00,206.00,2023-03-16 07:52:48.849381+00:00
808,1,0.00,0.00,206.00,2023-03-16 07:47:48.786613+00:00
807,1,0.00,0.00,206.00,2023-03-16 07:42:48.854610+00:00
806,1,0.00,0.00,206.00,2023-03-16 07:37:48.917254+00:00
805,1,0.00,0.00,201.00,2023-03-16 07:32:49.110299+00:00
804,1,0.00,0.00,201.00,2023-03-16 07:27:49.320543+00:00
803,1,0.00,0.00,201.00,2023-03-16 07:22:56.227843+00:00
802,1,0.00,0.00,205.00,2023-03-16 07:17:49.775888+00:00
801,1,0.00,0.00,205.00,2023-03-16 07:12:50.359670+00:00
800,1,0.00,0.00,205.00,2023-03-16 07:08:06.315078+00:00
799,1,0.00,0.00,205.00,2023-03-16 07:06:11.396699+00:00
798,1,0.00,0.00,205.00,2023-03-16 07:01:11.479049+00:00
797,1,0.00,0.00,200.00,2023-03-16 06:56:11.979509+00:00
796,1,0.00,0.00,200.00,2023-03-16 06:51:11.564603+00:00
795,1,0.00,0.00,196.00,2023-03-16 06:46:11.630620+00:00
794,1,0.00,0.00,196.00,2023-03-16 06:41:12.131782+00:00
793,1,0.00,0.00,193.00,2023-03-16 06:36:12.303500+00:00
792,1,0.00,0.00,205.00,2023-03-16 06:31:12.214456+00:00
791,1,0.00,0.00,189.00,2023-03-16 06:26:11.960014+00:00
790,1,0.00,0.00,189.00,2023-03-16 06:21:11.888992+00:00
789,1,0.00,0.00,189.00,2023-03-16 06:16:11.950216+00:00
788,1,0.00,0.00,188.00,2023-03-16 06:11:12.138652+00:00
787,1,0.00,0.00,197.00,2023-03-16 06:06:26.721167+00:00
786,1,0.00,0.00,198.00,2023-03-16 06:05:43.165075+00:00
785,1,0.00,0.00,197.00,2023-03-16 06:00:43.320445+00:00
784,1,0.00,0.00,202.00,2023-03-16 05:55:43.262061+00:00
783,1,0.00,0.00,202.00,2023-03-16 05:50:43.397629+00:00
782,1,0.00,0.00,193.00,2023-03-16 05:45:43.479664+00:00
781,1,0.00,0.00,202.00,2023-03-16 05:40:43.484639+00:00
780,1,0.00,0.00,193.00,2023-03-16 05:35:43.561560+00:00
779,1,0.00,0.00,193.00,2023-03-16 05:30:43.646808+00:00
778,1,0.00,0.00,193.00,2023-03-16 05:25:43.646846+00:00
777,1,0.00,0.00,193.00,2023-03-16 05:20:43.870818+00:00
776,1,0.00,0.00,193.00,2023-03-16 05:15:43.888322+00:00
775,1,0.00,0.00,193.00,2023-03-16 05:10:43.816283+00:00
774,1,0.00,0.00,193.00,2023-03-16 05:05:57.800953+00:00
773,1,0.00,0.00,193.00,2023-03-16 05:05:01.003083+00:00
772,1,0.00,0.00,193.00,2023-03-16 05:00:00.944407+00:00
771,1,0.00,0.00,193.00,2023-03-16 04:55:00.922019+00:00
770,1,0.00,0.00,193.00,2023-03-16 04:50:00.933758+00:00
769,1,0.00,0.00,197.00,2023-03-16 04:45:01.002990+00:00
768,1,0.00,0.00,193.00,2023-03-16 04:40:01.098251+00:00
767,1,0.00,0.00,193.00,2023-03-16 04:35:01.357367+00:00
766,1,0.00,0.00,197.00,2023-03-16 04:30:01.241375+00:00
765,1,0.00,0.00,197.00,2023-03-16 04:25:01.251681+00:00
764,1,0.00,0.00,197.00,2023-03-16 04:20:01.493826+00:00
763,1,0.00,0.00,201.00,2023-03-16 04:15:01.495896+00:00
762,1,0.00,0.00,205.00,2023-03-16 04:10:01.432183+00:00
761,1,0.00,0.00,201.00,2023-03-16 04:05:12.690466+00:00
760,1,0.00,0.00,205.00,2023-03-16 04:03:48.285827+00:00
759,1,0.00,0.00,205.00,2023-03-16 03:58:48.309477+00:00
758,1,0.00,0.00,201.00,2023-03-16 03:53:48.369048+00:00
757,1,0.00,0.00,201.00,2023-03-16 03:48:48.444255+00:00
756,1,0.00,0.00,201.00,2023-03-16 03:43:48.612835+00:00
755,1,0.00,0.00,201.00,2023-03-16 03:38:48.605984+00:00
754,1,0.00,0.00,196.00,2023-03-16 03:33:48.675755+00:00
753,1,0.00,0.00,196.00,2023-03-16 03:28:48.767425+00:00
752,1,0.00,0.00,196.00,2023-03-16 03:23:48.689743+00:00
751,1,0.00,0.00,222.00,2023-03-16 03:18:48.850412+00:00
750,1,0.00,0.00,192.00,2023-03-16 03:13:48.921583+00:00
749,1,0.00,0.00,192.00,2023-03-16 03:08:49.093390+00:00
748,1,0.00,0.00,192.00,2023-03-16 03:04:01.330651+00:00
747,1,0.00,0.00,192.00,2023-03-16 03:03:18.221148+00:00
746,1,0.00,0.00,196.00,2023-03-16 02:58:18.142189+00:00
745,1,0.00,0.00,192.00,2023-03-16 02:53:18.293183+00:00
744,1,0.00,0.00,192.00,2023-03-16 02:48:18.386209+00:00
743,1,0.00,0.00,192.00,2023-03-16 02:43:18.545081+00:00
742,1,0.00,0.00,192.00,2023-03-16 02:38:18.449560+00:00
741,1,0.00,0.00,196.00,2023-03-16 02:33:18.543172+00:00
740,1,0.00,0.00,196.00,2023-03-16 02:28:18.678628+00:00
739,1,0.00,0.00,196.00,2023-03-16 02:23:18.691390+00:00
738,1,0.00,0.00,196.00,2023-03-16 02:18:18.756598+00:00
737,1,0.00,0.00,201.00,2023-03-16 02:13:18.843965+00:00
736,1,0.00,0.00,196.00,2023-03-16 02:08:18.759052+00:00
735,1,0.00,0.00,192.00,2023-03-16 02:03:35.417815+00:00
734,1,0.00,0.00,196.00,2023-03-16 02:01:24.750965+00:00
733,1,0.00,0.00,192.00,2023-03-16 01:56:24.761740+00:00
732,1,0.00,0.00,192.00,2023-03-16 01:51:24.783693+00:00
731,1,0.00,0.00,196.00,2023-03-16 01:46:24.833767+00:00
730,1,0.00,0.00,200.00,2023-03-16 01:41:24.988149+00:00
729,1,0.00,0.00,217.00,2023-03-16 01:36:25.160821+00:00
728,1,0.00,0.00,217.00,2023-03-16 01:31:25.078055+00:00
727,1,0.00,0.00,222.00,2023-03-16 01:26:25.075095+00:00
726,1,0.00,0.00,226.00,2023-03-16 01:21:25.315485+00:00
725,1,0.00,0.00,230.00,2023-03-16 01:16:25.233154+00:00
724,1,0.00,0.00,230.00,2023-03-16 01:11:25.344889+00:00
723,1,0.00,0.00,213.00,2023-03-16 01:06:25.509481+00:00
722,1,0.00,0.00,221.00,2023-03-16 01:01:43.406010+00:00
721,1,0.00,0.00,226.00,2023-03-16 01:00:55.245179+00:00
720,1,0.00,0.00,213.00,2023-03-16 00:55:55.315421+00:00
719,1,0.00,0.00,208.00,2023-03-16 00:50:55.480463+00:00
718,1,0.00,0.00,208.00,2023-03-16 00:45:55.649120+00:00
717,1,0.00,0.00,208.00,2023-03-16 00:40:55.635692+00:00
716,1,0.00,0.00,208.00,2023-03-16 00:35:55.644512+00:00
715,1,0.00,0.00,213.00,2023-03-16 00:30:55.636538+00:00
714,1,0.00,0.00,217.00,2023-03-16 00:25:55.721172+00:00
713,1,0.00,0.00,221.00,2023-03-16 00:20:55.800024+00:00
712,1,0.00,0.00,220.00,2023-03-16 00:15:55.986914+00:00
711,1,0.00,0.00,212.00,2023-03-16 00:10:55.962689+00:00
710,1,0.00,0.00,216.00,2023-03-16 00:05:56.044524+00:00
709,1,0.00,0.00,212.00,2023-03-16 00:01:13.306470+00:00
708,1,0.00,0.00,208.00,2023-03-15 23:59:54.683972+00:00
707,1,0.00,0.00,212.00,2023-03-15 23:54:54.682689+00:00
706,1,0.00,0.00,204.00,2023-03-15 23:49:54.682850+00:00
705,1,0.00,0.00,204.00,2023-03-15 23:44:54.696232+00:00
704,1,0.00,0.00,212.00,2023-03-15 23:39:54.786455+00:00
703,1,0.00,0.00,208.00,2023-03-15 23:34:54.842925+00:00
702,1,0.00,0.00,212.00,2023-03-15 23:29:55.028177+00:00
701,1,0.00,0.00,212.00,2023-03-15 23:24:55.021014+00:00
700,1,0.00,0.00,212.00,2023-03-15 23:19:55.062845+00:00
699,1,0.00,0.00,207.00,2023-03-15 23:14:55.160871+00:00
698,1,0.00,0.00,203.00,2023-03-15 23:09:55.104836+00:00
697,1,0.00,0.00,203.00,2023-03-15 23:04:55.248964+00:00
696,1,0.00,0.00,211.00,2023-03-15 23:00:12.538564+00:00
695,1,0.00,0.00,203.00,2023-03-15 22:58:16.299406+00:00
694,1,0.00,0.00,203.00,2023-03-15 22:53:16.461780+00:00
693,1,0.00,0.00,203.00,2023-03-15 22:48:16.426619+00:00
692,1,0.00,0.00,207.00,2023-03-15 22:43:16.443441+00:00
691,1,0.00,0.00,207.00,2023-03-15 22:38:16.434968+00:00
690,1,0.00,0.00,207.00,2023-03-15 22:33:16.591676+00:00
689,1,0.00,0.00,203.00,2023-03-15 22:28:16.605708+00:00
688,1,0.00,0.00,198.00,2023-03-15 22:23:16.827230+00:00
687,1,0.00,0.00,198.00,2023-03-15 22:18:16.835188+00:00
686,1,0.00,0.00,198.00,2023-03-15 22:13:16.987979+00:00
685,1,0.00,0.00,198.00,2023-03-15 22:08:16.857400+00:00
684,1,0.00,0.00,198.00,2023-03-15 22:03:16.919023+00:00
683,1,0.00,0.00,198.00,2023-03-15 21:58:35.860772+00:00
682,1,0.00,0.00,198.00,2023-03-15 21:57:28.911447+00:00
681,1,0.00,0.00,198.00,2023-03-15 21:52:29.070125+00:00
680,1,0.00,0.00,193.00,2023-03-15 21:47:29.165001+00:00
679,1,0.00,0.00,189.00,2023-03-15 21:42:29.329945+00:00
678,1,0.00,0.00,189.00,2023-03-15 21:37:29.153929+00:00
677,1,0.00,0.00,189.00,2023-03-15 21:32:29.229390+00:00
676,1,0.00,0.00,198.00,2023-03-15 21:27:29.398443+00:00
675,1,0.00,0.00,189.00,2023-03-15 21:22:29.883829+00:00
674,1,0.00,0.00,201.00,2023-03-15 21:17:29.491112+00:00
673,1,0.00,0.00,205.00,2023-03-15 21:12:29.558099+00:00
672,1,0.00,0.00,201.00,2023-03-15 21:07:29.511923+00:00
671,1,0.00,0.00,196.00,2023-03-15 21:02:29.545678+00:00
670,1,0.00,0.00,182.00,2023-03-15 20:57:46.950356+00:00
669,1,0.00,0.00,189.00,2023-03-15 17:38:58.061477+00:00
668,1,0.00,0.00,189.00,2023-03-15 17:33:57.965839+00:00
667,1,0.00,0.00,184.00,2023-03-15 17:28:58.035090+00:00
666,1,0.00,0.00,184.00,2023-03-15 17:23:58.525969+00:00
665,1,0.00,0.00,188.00,2023-03-15 17:18:58.121904+00:00
664,1,0.00,0.00,203.00,2023-03-15 17:13:58.201519+00:00
663,1,0.00,0.00,154.00,2023-03-15 17:08:58.353548+00:00
662,1,0.00,0.00,161.00,2023-03-15 17:04:03.418780+00:00
661,1,0.00,0.00,161.00,2023-03-15 16:58:58.972274+00:00
660,1,0.00,0.00,181.00,2023-03-15 16:53:59.374619+00:00
659,1,0.00,0.00,161.00,2023-03-15 16:48:59.000845+00:00
658,1,0.00,0.00,161.00,2023-03-15 16:43:59.491249+00:00
657,1,0.00,0.00,156.00,2023-03-15 16:39:18.371463+00:00
656,1,0.00,0.00,192.00,2023-03-15 13:02:23.410362+00:00
655,1,0.00,0.00,183.00,2023-03-15 12:57:23.553420+00:00
654,1,0.00,0.00,187.00,2023-03-15 12:52:23.810837+00:00
653,1,0.00,0.00,187.00,2023-03-15 12:47:23.538210+00:00
652,1,0.00,0.00,179.00,2023-03-15 12:42:23.540609+00:00
651,1,0.00,0.00,188.00,2023-03-15 12:37:23.715630+00:00
650,1,0.00,0.00,188.00,2023-03-15 12:32:23.803546+00:00
649,1,0.00,0.00,188.00,2023-03-15 12:27:23.869413+00:00
648,1,0.00,0.00,192.00,2023-03-15 12:22:24.103996+00:00
647,1,0.00,0.00,192.00,2023-03-15 12:17:23.865625+00:00
646,1,0.00,0.00,183.00,2023-03-15 12:12:24.045619+00:00
645,1,0.00,0.00,187.00,2023-03-15 12:07:24.023535+00:00
644,1,0.00,0.00,192.00,2023-03-15 12:02:39.152510+00:00
643,1,0.00,0.00,190.00,2023-03-15 11:56:42.653530+00:00
642,1,0.00,0.00,190.00,2023-03-15 11:51:42.747102+00:00
641,1,0.00,0.00,181.00,2023-03-15 11:46:42.893470+00:00
640,1,0.00,0.00,172.00,2023-03-15 11:41:42.905571+00:00
639,1,0.00,0.00,163.00,2023-03-15 11:36:42.981253+00:00
638,1,0.00,0.00,162.00,2023-03-15 11:31:43.060566+00:00
637,1,0.00,0.00,162.00,2023-03-15 11:26:43.067661+00:00
636,1,0.00,0.00,165.00,2023-03-15 11:21:43.052813+00:00
635,1,0.00,0.00,169.00,2023-03-15 11:16:43.233590+00:00
634,1,0.00,0.00,223.00,2023-03-15 11:11:43.449736+00:00
633,1,0.00,0.00,223.00,2023-03-15 11:06:43.398805+00:00
632,1,0.00,0.00,224.00,2023-03-15 11:01:43.388229+00:00
631,1,0.00,0.00,223.00,2023-03-15 10:57:01.886980+00:00
630,1,0.00,0.00,181.00,2023-03-15 06:57:11.563575+00:00
629,1,0.00,0.00,176.00,2023-03-15 06:52:11.619189+00:00
628,1,0.00,0.00,234.00,2023-03-15 06:47:22.251711+00:00
627,1,0.00,0.00,235.00,2023-03-15 06:42:10.831887+00:00
626,1,0.00,0.00,235.00,2023-03-15 06:37:17.004963+00:00
625,1,0.00,0.00,239.00,2023-03-15 06:32:11.408351+00:00
624,1,0.00,0.00,244.00,2023-03-15 06:27:11.484907+00:00
623,1,0.00,0.00,231.00,2023-03-15 06:22:11.537964+00:00
622,1,0.00,0.00,222.00,2023-03-15 06:17:11.772901+00:00
621,1,0.00,0.00,226.00,2023-03-15 06:12:11.848541+00:00
620,1,0.00,0.00,231.00,2023-03-15 06:07:11.685356+00:00
619,1,0.00,0.00,231.00,2023-03-15 06:02:11.974109+00:00
618,1,0.00,0.00,226.00,2023-03-15 05:57:30.730269+00:00
617,1,0.00,0.00,231.00,2023-03-15 05:56:51.974894+00:00
616,1,0.00,0.00,231.00,2023-03-15 05:51:52.023504+00:00
615,1,0.00,0.00,231.00,2023-03-15 05:46:52.005987+00:00
614,1,0.00,0.00,231.00,2023-03-15 05:41:52.105531+00:00
613,1,0.00,0.00,226.00,2023-03-15 05:36:52.013307+00:00
612,1,0.00,0.00,231.00,2023-03-15 05:31:52.098018+00:00
611,1,0.00,0.00,231.00,2023-03-15 05:26:52.285034+00:00
610,1,0.00,0.00,235.00,2023-03-15 05:21:52.334365+00:00
609,1,0.00,0.00,235.00,2023-03-15 05:16:52.334517+00:00
608,1,0.00,0.00,235.00,2023-03-15 05:11:57.558475+00:00
607,1,0.00,0.00,235.00,2023-03-15 05:06:51.793503+00:00
606,1,0.00,0.00,235.00,2023-03-15 05:02:27.652020+00:00
605,1,0.00,0.00,235.00,2023-03-15 04:57:10.996105+00:00
604,1,0.00,0.00,235.00,2023-03-15 04:56:09.933512+00:00
603,1,0.00,0.00,231.00,2023-03-15 04:51:18.519943+00:00
602,1,0.00,0.00,231.00,2023-03-15 04:46:09.486651+00:00
601,1,0.00,0.00,231.00,2023-03-15 04:41:10.037205+00:00
600,1,0.00,0.00,231.00,2023-03-15 04:36:10.050503+00:00
599,1,0.00,0.00,231.00,2023-03-15 04:31:10.211380+00:00
598,1,0.00,0.00,226.00,2023-03-15 04:26:10.210257+00:00
597,1,0.00,0.00,222.00,2023-03-15 04:21:10.226848+00:00
596,1,0.00,0.00,222.00,2023-03-15 04:16:09.802402+00:00
595,1,0.00,0.00,222.00,2023-03-15 04:11:10.293938+00:00
594,1,0.00,0.00,222.00,2023-03-15 04:06:10.364264+00:00
593,1,0.00,0.00,222.00,2023-03-15 04:01:12.615602+00:00
592,1,0.00,0.00,222.00,2023-03-15 03:56:26.571168+00:00
591,1,0.00,0.00,222.00,2023-03-15 03:55:50.679409+00:00
590,1,0.00,0.00,222.00,2023-03-15 03:50:50.765122+00:00
589,1,0.00,0.00,222.00,2023-03-15 03:45:50.929174+00:00
588,1,0.00,0.00,226.00,2023-03-15 03:40:50.766969+00:00
587,1,0.00,0.00,226.00,2023-03-15 03:35:50.915636+00:00
586,1,0.00,0.00,222.00,2023-03-15 03:30:51.086528+00:00
585,1,0.00,0.00,226.00,2023-03-15 03:25:51.000015+00:00
584,1,0.00,0.00,226.00,2023-03-15 03:20:51.163086+00:00
583,1,0.00,0.00,226.00,2023-03-15 03:15:51.238881+00:00
582,1,0.00,0.00,226.00,2023-03-15 03:10:51.227973+00:00
581,1,0.00,0.00,226.00,2023-03-15 03:05:51.801296+00:00
580,1,0.00,0.00,226.00,2023-03-15 03:00:51.403209+00:00
579,1,0.00,0.00,226.00,2023-03-15 02:56:09.316293+00:00
578,1,0.00,0.00,226.00,2023-03-15 02:55:34.247950+00:00
577,1,0.00,0.00,226.00,2023-03-15 02:50:34.984717+00:00
576,1,0.00,0.00,231.00,2023-03-15 02:45:34.890234+00:00
575,1,0.00,0.00,231.00,2023-03-15 02:40:34.972087+00:00
574,1,0.00,0.00,235.00,2023-03-15 02:35:35.184993+00:00
573,1,0.00,0.00,235.00,2023-03-15 02:30:35.061442+00:00
572,1,0.00,0.00,235.00,2023-03-15 02:25:34.817373+00:00
571,1,0.00,0.00,235.00,2023-03-15 02:20:35.322198+00:00
570,1,0.00,0.00,235.00,2023-03-15 02:15:35.379861+00:00
569,1,0.00,0.00,235.00,2023-03-15 02:10:35.306865+00:00
568,1,0.00,0.00,230.00,2023-03-15 02:05:35.048934+00:00
567,1,0.00,0.00,231.00,2023-03-15 02:00:35.559966+00:00
566,1,0.00,0.00,230.00,2023-03-15 01:55:50.929352+00:00
565,1,0.00,0.00,231.00,2023-03-15 01:55:05.297572+00:00
564,1,0.00,0.00,231.00,2023-03-15 01:50:05.804999+00:00
563,1,0.00,0.00,235.00,2023-03-15 01:45:05.936336+00:00
562,1,0.00,0.00,235.00,2023-03-15 01:40:05.867083+00:00
561,1,0.00,0.00,239.00,2023-03-15 01:35:05.965049+00:00
560,1,0.00,0.00,235.00,2023-03-15 01:30:05.555817+00:00
559,1,0.00,0.00,239.00,2023-03-15 01:25:06.024561+00:00
558,1,0.00,0.00,239.00,2023-03-15 01:20:06.125742+00:00
557,1,0.00,0.00,239.00,2023-03-15 01:15:06.312477+00:00
556,1,0.00,0.00,239.00,2023-03-15 01:10:06.308320+00:00
555,1,0.00,0.00,239.00,2023-03-15 01:05:06.383937+00:00
554,1,0.00,0.00,230.00,2023-03-15 01:00:06.115197+00:00
553,1,0.00,0.00,230.00,2023-03-15 00:55:22.118888+00:00
552,1,0.00,0.00,230.00,2023-03-15 00:54:27.660785+00:00
551,1,0.00,0.00,230.00,2023-03-15 00:49:27.875892+00:00
550,1,0.00,0.00,239.00,2023-03-15 00:44:27.756452+00:00
549,1,0.00,0.00,239.00,2023-03-15 00:39:27.959709+00:00
548,1,0.00,0.00,239.00,2023-03-15 00:34:28.034541+00:00
547,1,0.00,0.00,239.00,2023-03-15 00:29:34.944211+00:00
546,1,0.00,0.00,230.00,2023-03-15 00:24:28.489699+00:00
545,1,0.00,0.00,230.00,2023-03-15 00:19:29.064476+00:00
544,1,0.00,0.00,234.00,2023-03-15 00:14:29.212080+00:00
543,1,0.00,0.00,234.00,2023-03-15 00:09:29.141325+00:00
542,1,0.00,0.00,234.00,2023-03-15 00:04:29.215481+00:00
541,1,0.00,0.00,239.00,2023-03-14 23:59:29.385524+00:00
540,1,0.00,0.00,238.00,2023-03-14 23:54:45.339946+00:00
539,1,0.00,0.00,239.00,2023-03-14 23:54:09.057891+00:00
538,1,0.00,0.00,238.00,2023-03-14 23:49:08.904275+00:00
537,1,0.00,0.00,243.00,2023-03-14 23:44:08.729839+00:00
536,1,0.00,0.00,247.00,2023-03-14 23:39:09.227712+00:00
535,1,0.00,0.00,247.00,2023-03-14 23:34:08.993815+00:00
534,1,0.00,0.00,251.00,2023-03-14 23:29:08.985253+00:00
533,1,0.00,0.00,251.00,2023-03-14 23:24:09.056649+00:00
532,1,0.00,0.00,255.00,2023-03-14 23:19:09.138718+00:00
531,1,0.00,0.00,3.00,2023-03-14 23:14:09.057452+00:00
530,1,0.00,0.00,8.00,2023-03-14 23:09:09.155319+00:00
529,1,0.00,0.00,12.00,2023-03-14 23:04:09.322409+00:00
528,1,0.00,0.00,17.00,2023-03-14 22:59:09.537653+00:00
527,1,0.00,0.00,17.00,2023-03-14 22:54:21.694892+00:00
526,1,0.00,0.00,17.00,2023-03-14 22:53:46.988788+00:00
525,1,0.00,0.00,17.00,2023-03-14 22:48:47.159553+00:00
524,1,0.00,0.00,13.00,2023-03-14 22:43:47.162182+00:00
523,1,0.00,0.00,0.00,2023-03-14 22:39:18.691223+00:00
522,1,0.00,0.00,244.00,2023-03-14 22:33:47.888717+00:00
521,1,0.00,0.00,221.00,2023-03-14 22:28:47.480707+00:00
520,1,0.00,0.00,243.00,2023-03-14 22:23:47.575454+00:00
519,1,0.00,0.00,13.00,2023-03-14 22:18:48.012019+00:00
518,1,0.00,0.00,244.00,2023-03-14 22:13:48.303726+00:00
517,1,0.00,0.00,9.00,2023-03-14 22:08:48.725408+00:00
516,1,0.00,0.00,9.00,2023-03-14 22:03:47.692478+00:00
515,1,0.00,0.00,252.00,2023-03-14 21:58:48.215572+00:00
514,1,0.00,0.00,252.00,2023-03-14 21:54:01.652982+00:00
513,1,0.00,0.00,248.00,2023-03-14 21:53:29.511291+00:00
512,1,0.00,0.00,239.00,2023-03-14 21:48:29.670487+00:00
511,1,0.00,0.00,239.00,2023-03-14 21:43:29.717823+00:00
510,1,0.00,0.00,235.00,2023-03-14 21:38:29.571542+00:00
509,1,0.00,0.00,226.00,2023-03-14 21:33:29.803717+00:00
508,1,0.00,0.00,235.00,2023-03-14 21:28:30.289564+00:00
507,1,0.00,0.00,243.00,2023-03-14 21:23:29.827482+00:00
506,1,0.00,0.00,251.00,2023-03-14 21:18:29.962960+00:00
505,1,0.00,0.00,17.00,2023-03-14 21:13:39.416530+00:00
504,1,0.00,0.00,3.00,2023-03-14 21:08:30.492808+00:00
503,1,0.00,0.00,25.00,2023-03-14 21:03:30.979035+00:00
502,1,0.00,0.00,21.00,2023-03-14 20:58:31.146100+00:00
501,1,0.00,0.00,25.00,2023-03-14 20:53:46.889200+00:00
500,1,0.00,0.00,25.00,2023-03-14 20:52:57.157901+00:00
499,1,0.00,0.00,25.00,2023-03-14 20:47:57.240851+00:00
498,1,0.00,0.00,254.00,2023-03-14 20:42:56.978804+00:00
497,1,0.00,0.00,20.00,2023-03-14 20:37:57.291266+00:00
496,1,0.00,0.00,6.00,2023-03-14 20:32:57.322849+00:00
495,1,0.00,0.00,6.00,2023-03-14 20:27:57.461342+00:00
494,1,0.00,0.00,10.00,2023-03-14 20:22:57.477638+00:00
493,1,0.00,0.00,253.00,2023-03-14 20:17:57.465619+00:00
492,1,0.00,0.00,253.00,2023-03-14 20:12:57.057148+00:00
491,1,0.00,0.00,253.00,2023-03-14 20:07:57.621605+00:00
490,1,0.00,0.00,253.00,2023-03-14 20:02:57.722610+00:00
489,1,0.00,0.00,245.00,2023-03-14 19:57:57.454292+00:00
488,1,0.00,0.00,240.00,2023-03-14 19:53:16.988976+00:00
487,1,0.00,0.00,241.00,2023-03-14 19:52:15.465261+00:00
486,1,0.00,0.00,237.00,2023-03-14 19:47:15.310150+00:00
485,1,0.00,0.00,237.00,2023-03-14 19:42:21.549400+00:00
484,1,0.00,0.00,245.00,2023-03-14 19:37:15.473061+00:00
483,1,0.00,0.00,245.00,2023-03-14 19:32:15.585153+00:00
482,1,0.00,0.00,237.00,2023-03-14 19:27:15.504530+00:00
481,1,0.00,0.00,237.00,2023-03-14 19:22:15.809793+00:00
480,1,0.00,0.00,237.00,2023-03-14 19:17:15.723027+00:00
479,1,0.00,0.00,232.00,2023-03-14 19:12:15.174578+00:00
478,1,0.00,0.00,228.00,2023-03-14 19:07:15.405198+00:00
477,1,0.00,0.00,246.00,2023-03-14 19:02:15.887375+00:00
476,1,0.00,0.00,241.00,2023-03-14 18:57:15.824204+00:00
475,1,0.00,0.00,225.00,2023-03-14 18:52:30.098867+00:00
474,1,0.00,0.00,229.00,2023-03-14 18:51:58.416121+00:00
473,1,0.00,0.00,242.00,2023-03-14 18:46:58.415786+00:00
472,1,0.00,0.00,238.00,2023-03-14 18:41:59.155274+00:00
471,1,0.00,0.00,246.00,2023-03-14 18:36:58.594107+00:00
470,1,0.00,0.00,242.00,2023-03-14 18:31:58.815518+00:00
469,1,0.00,0.00,229.00,2023-03-14 18:27:05.700521+00:00
468,1,0.00,0.00,246.00,2023-03-14 18:21:58.217483+00:00
467,1,0.00,0.00,246.00,2023-03-14 18:16:58.208275+00:00
466,1,0.00,0.00,233.00,2023-03-14 18:11:58.690128+00:00
465,1,0.00,0.00,237.00,2023-03-14 18:06:58.762413+00:00
464,1,0.00,0.00,241.00,2023-03-14 18:01:58.949080+00:00
463,1,0.00,0.00,250.00,2023-03-14 17:56:58.877969+00:00
462,1,0.00,0.00,245.00,2023-03-14 17:52:14.420865+00:00
461,1,0.00,0.00,246.00,2023-03-14 17:51:42.367318+00:00
460,1,0.00,0.00,241.00,2023-03-14 17:46:41.914353+00:00
459,1,0.00,0.00,254.00,2023-03-14 17:41:42.041568+00:00
458,1,0.00,0.00,2.00,2023-03-14 17:36:42.551123+00:00
457,1,0.00,0.00,217.00,2023-03-14 17:31:42.367044+00:00
456,1,0.00,0.00,99.00,2023-03-14 17:26:42.375199+00:00
455,1,0.00,0.00,94.00,2023-03-14 17:21:42.369574+00:00
454,1,0.00,0.00,60.00,2023-03-14 17:16:42.457070+00:00
453,1,0.00,0.00,60.00,2023-03-14 17:11:49.339378+00:00
452,1,0.00,0.00,60.00,2023-03-14 17:06:42.981913+00:00
451,1,0.00,0.00,54.00,2023-03-14 17:01:43.699317+00:00
450,1,0.00,0.00,117.00,2023-03-14 16:56:43.213236+00:00
449,1,0.00,0.00,38.00,2023-03-14 16:51:57.079023+00:00
448,1,0.00,0.00,116.00,2023-03-14 01:50:17.460924+00:00
447,1,0.00,0.00,116.00,2023-03-14 01:45:17.463929+00:00
446,1,0.00,0.00,121.00,2023-03-14 01:40:17.637063+00:00
445,1,0.00,0.00,121.00,2023-03-14 01:35:17.650996+00:00
444,1,0.00,0.00,121.00,2023-03-14 01:30:17.614513+00:00
443,1,0.00,0.00,121.00,2023-03-14 01:25:17.937687+00:00
442,1,0.00,0.00,125.00,2023-03-14 01:20:18.013920+00:00
441,1,0.00,0.00,125.00,2023-03-14 01:15:17.780084+00:00
440,1,0.00,0.00,125.00,2023-03-14 01:10:17.981328+00:00
439,1,0.00,0.00,125.00,2023-03-14 01:05:17.948639+00:00
438,1,0.00,0.00,125.00,2023-03-14 01:00:18.042660+00:00
437,1,0.00,0.00,125.00,2023-03-14 00:55:21.701938+00:00
436,1,0.00,0.00,125.00,2023-03-14 00:50:32.750424+00:00
435,1,0.00,0.00,129.00,2023-03-14 00:35:57.647827+00:00
434,1,0.00,0.00,129.00,2023-03-14 00:30:57.582971+00:00
433,1,0.00,0.00,129.00,2023-03-14 00:25:57.637041+00:00
432,1,0.00,0.00,129.00,2023-03-14 00:21:17.537918+00:00
431,1,0.00,0.00,137.00,2023-03-10 16:25:51.575198+00:00
430,1,0.00,0.00,127.00,2023-03-10 16:20:51.643879+00:00
429,1,0.00,0.00,105.00,2023-03-10 16:15:52.230628+00:00
428,1,0.00,0.00,92.00,2023-03-10 16:10:52.361570+00:00
427,1,0.00,0.00,94.00,2023-03-10 16:05:51.982115+00:00
426,1,0.00,0.00,98.00,2023-03-10 16:00:52.042237+00:00
425,1,0.00,0.00,98.00,2023-03-10 15:55:52.054755+00:00
424,1,0.00,0.00,103.00,2023-03-10 15:50:52.066138+00:00
423,1,0.00,0.00,94.00,2023-03-10 15:45:52.201017+00:00
422,1,0.00,0.00,98.00,2023-03-10 15:40:52.296222+00:00
421,1,0.00,0.00,98.00,2023-03-10 15:35:52.287007+00:00
420,1,0.00,0.00,89.00,2023-03-10 15:30:52.370357+00:00
419,1,0.00,0.00,89.00,2023-03-10 15:26:04.530303+00:00
418,1,0.00,0.00,89.00,2023-03-10 15:25:30.763532+00:00
417,1,0.00,0.00,93.00,2023-03-10 15:20:31.328924+00:00
416,1,0.00,0.00,84.00,2023-03-10 15:15:31.037310+00:00
415,1,0.00,0.00,84.00,2023-03-10 15:10:31.003441+00:00
414,1,0.00,0.00,88.00,2023-03-10 15:05:31.257160+00:00
413,1,0.00,0.00,88.00,2023-03-10 15:00:31.251576+00:00
412,1,0.00,0.00,79.00,2023-03-10 14:55:31.174239+00:00
411,1,0.00,0.00,83.00,2023-03-10 14:50:31.243565+00:00
410,1,0.00,0.00,83.00,2023-03-10 14:45:31.326860+00:00
409,1,0.00,0.00,88.00,2023-03-10 14:40:31.566805+00:00
408,1,0.00,0.00,92.00,2023-03-10 14:35:31.492880+00:00
407,1,0.00,0.00,83.00,2023-03-10 14:30:31.571531+00:00
406,1,0.00,0.00,82.00,2023-03-10 14:25:44.737960+00:00
405,1,0.00,0.00,83.00,2023-03-10 14:24:02.761617+00:00
404,1,0.00,0.00,91.00,2023-03-10 14:19:02.837026+00:00
403,1,0.00,0.00,91.00,2023-03-10 14:14:04.386508+00:00
402,1,0.00,0.00,86.00,2023-03-10 14:09:03.578534+00:00
401,1,0.00,0.00,152.00,2023-03-10 14:04:03.878523+00:00
400,1,0.00,0.00,90.00,2023-03-10 13:59:04.014067+00:00
399,1,0.00,0.00,90.00,2023-03-10 13:54:11.947237+00:00
398,1,0.00,0.00,96.00,2023-03-10 13:49:03.154823+00:00
397,1,0.00,0.00,91.00,2023-03-10 13:44:03.398238+00:00
396,1,0.00,0.00,87.00,2023-03-10 13:39:03.166065+00:00
395,1,0.00,0.00,91.00,2023-03-10 13:34:03.156780+00:00
394,1,0.00,0.00,91.00,2023-03-10 13:29:03.243208+00:00
393,1,0.00,0.00,86.00,2023-03-10 13:24:22.280133+00:00
392,1,0.00,0.00,91.00,2023-03-10 13:23:43.877435+00:00
391,1,0.00,0.00,95.00,2023-03-10 13:18:43.610501+00:00
390,1,0.00,0.00,90.00,2023-03-10 13:13:44.105214+00:00
389,1,0.00,0.00,94.00,2023-03-10 13:08:44.025873+00:00
388,1,0.00,0.00,85.00,2023-03-10 13:03:43.718175+00:00
387,1,0.00,0.00,84.00,2023-03-10 12:58:43.690216+00:00
386,1,0.00,0.00,84.00,2023-03-10 12:53:52.742887+00:00
385,1,0.00,0.00,88.00,2023-03-10 12:48:43.327071+00:00
384,1,0.00,0.00,92.00,2023-03-10 12:43:43.330297+00:00
383,1,0.00,0.00,75.00,2023-03-10 12:38:43.409843+00:00
382,1,0.00,0.00,79.00,2023-03-10 12:33:43.488807+00:00
381,1,0.00,0.00,84.00,2023-03-10 12:28:43.725827+00:00
380,1,0.00,0.00,88.00,2023-03-10 12:24:02.402719+00:00
379,1,0.00,0.00,88.00,2023-03-10 12:23:21.461399+00:00
378,1,0.00,0.00,74.00,2023-03-10 12:18:21.552628+00:00
377,1,0.00,0.00,79.00,2023-03-10 12:13:21.624725+00:00
376,1,0.00,0.00,87.00,2023-03-10 12:08:21.453617+00:00
375,1,0.00,0.00,91.00,2023-03-10 12:03:21.376046+00:00
374,1,0.00,0.00,78.00,2023-03-10 11:58:21.304381+00:00
373,1,0.00,0.00,86.00,2023-03-10 11:53:21.605168+00:00
372,1,0.00,0.00,82.00,2023-03-10 11:48:21.951301+00:00
371,1,0.00,0.00,82.00,2023-03-10 11:43:28.174112+00:00
370,1,0.00,0.00,85.00,2023-03-10 11:38:51.179200+00:00
369,1,0.00,0.00,81.00,2023-03-10 11:38:51.116014+00:00
368,1,0.00,0.00,80.00,2023-03-10 11:28:27.623946+00:00
367,1,0.00,0.00,80.00,2023-03-10 11:23:42.593253+00:00
366,1,0.00,0.00,80.00,2023-03-10 11:23:05.416399+00:00
365,1,0.00,0.00,75.00,2023-03-10 11:18:05.652337+00:00
364,1,0.00,0.00,76.00,2023-03-10 11:13:05.729724+00:00
363,1,0.00,0.00,71.00,2023-03-10 11:08:05.559658+00:00
362,1,0.00,0.00,71.00,2023-03-10 11:03:05.570542+00:00
361,1,0.00,0.00,75.00,2023-03-10 10:58:05.646999+00:00
360,1,0.00,0.00,66.00,2023-03-10 10:53:05.746044+00:00
359,1,0.00,0.00,74.00,2023-03-10 10:48:05.981193+00:00
358,1,0.00,0.00,70.00,2023-03-10 10:43:06.047115+00:00
357,1,0.00,0.00,81.00,2023-03-10 10:38:11.352695+00:00
356,1,0.00,0.00,76.00,2023-03-10 10:33:06.410515+00:00
355,1,0.00,0.00,68.00,2023-03-10 10:28:06.508166+00:00
354,1,0.00,0.00,91.00,2023-03-10 10:23:19.974437+00:00
353,1,0.00,0.00,91.00,2023-03-10 10:22:41.897508+00:00
352,1,0.00,0.00,91.00,2023-03-10 10:17:41.960230+00:00
351,1,0.00,0.00,91.00,2023-03-10 10:12:42.468918+00:00
350,1,0.00,0.00,91.00,2023-03-10 10:07:42.045080+00:00
349,1,0.00,0.00,91.00,2023-03-10 10:02:42.120226+00:00
348,1,0.00,0.00,86.00,2023-03-10 09:57:42.208309+00:00
347,1,0.00,0.00,86.00,2023-03-10 09:52:42.377984+00:00
346,1,0.00,0.00,86.00,2023-03-10 09:47:42.295771+00:00
345,1,0.00,0.00,86.00,2023-03-10 09:42:42.442475+00:00
344,1,0.00,0.00,86.00,2023-03-10 09:37:42.517102+00:00
343,1,0.00,0.00,86.00,2023-03-10 09:32:53.982218+00:00
342,1,0.00,0.00,86.00,2023-03-10 09:27:43.056858+00:00
341,1,0.00,0.00,86.00,2023-03-10 09:22:59.151726+00:00
340,1,0.00,0.00,86.00,2023-03-10 09:22:00.445954+00:00
339,1,0.00,0.00,86.00,2023-03-10 09:17:00.975081+00:00
338,1,0.00,0.00,82.00,2023-03-10 09:12:00.983948+00:00
337,1,0.00,0.00,82.00,2023-03-10 09:07:01.000698+00:00
336,1,0.00,0.00,82.00,2023-03-10 09:02:00.814909+00:00
335,1,0.00,0.00,80.00,2023-03-10 08:57:01.143540+00:00
334,1,0.00,0.00,100.00,2023-03-10 08:52:00.830826+00:00
333,1,0.00,0.00,100.00,2023-03-10 08:47:00.813633+00:00
332,1,0.00,0.00,100.00,2023-03-10 08:42:00.827492+00:00
331,1,0.00,0.00,100.00,2023-03-10 08:37:01.001474+00:00
330,1,0.00,0.00,100.00,2023-03-10 08:32:01.054482+00:00
329,1,0.00,0.00,100.00,2023-03-10 08:27:07.568681+00:00
328,1,0.00,0.00,99.00,2023-03-10 08:22:13.453579+00:00
327,1,0.00,0.00,100.00,2023-03-10 08:21:24.905948+00:00
326,1,0.00,0.00,104.00,2023-03-10 08:16:25.049207+00:00
325,1,0.00,0.00,108.00,2023-03-10 08:11:25.463441+00:00
324,1,0.00,0.00,103.00,2023-03-10 08:06:25.143757+00:00
323,1,0.00,0.00,108.00,2023-03-10 08:01:25.300871+00:00
322,1,0.00,0.00,102.00,2023-03-10 07:56:25.295406+00:00
321,1,0.00,0.00,179.00,2023-03-10 07:51:25.308624+00:00
320,1,0.00,0.00,179.00,2023-03-10 07:46:26.051096+00:00
319,1,0.00,0.00,183.00,2023-03-10 07:41:25.454086+00:00
318,1,0.00,0.00,174.00,2023-03-10 07:36:25.723577+00:00
317,1,0.00,0.00,174.00,2023-03-10 07:31:25.781632+00:00
316,1,0.00,0.00,187.00,2023-03-10 07:26:25.778802+00:00
315,1,0.00,0.00,173.00,2023-03-10 07:22:01.118614+00:00
314,1,0.00,0.00,173.00,2023-03-10 07:22:00.058254+00:00
313,1,0.00,0.00,160.00,2023-03-10 07:15:33.300853+00:00
312,1,0.00,0.00,160.00,2023-03-10 07:10:33.384612+00:00
311,1,0.00,0.00,160.00,2023-03-10 07:05:33.486986+00:00
310,1,0.00,0.00,113.00,2023-03-10 07:04:46.291694+00:00
309,1,0.00,0.00,113.00,2023-03-10 07:04:46.208154+00:00
308,1,0.00,0.00,117.00,2023-03-10 06:26:07.568289+00:00
307,1,0.00,0.00,113.00,2023-03-10 06:26:07.456555+00:00
306,1,0.00,0.00,117.00,2023-03-10 06:16:18.078173+00:00
305,1,0.00,0.00,117.00,2023-03-10 06:16:17.356596+00:00
304,1,0.00,0.00,113.00,2023-03-10 06:16:16.504717+00:00
303,1,0.00,0.00,117.00,2023-03-10 06:16:15.808457+00:00
302,1,0.00,0.00,117.00,2023-03-10 06:16:15.079909+00:00
301,1,0.00,0.00,117.00,2023-03-10 06:16:14.235567+00:00
300,1,0.00,0.00,117.00,2023-03-10 06:16:13.517136+00:00
299,1,0.00,0.00,117.00,2023-03-10 06:16:12.636990+00:00
298,1,0.00,0.00,117.00,2023-03-10 06:16:11.910736+00:00
297,1,0.00,0.00,117.00,2023-03-10 06:16:11.328825+00:00
296,1,0.00,0.00,133.00,2023-03-10 03:59:19.381405+00:00
295,1,0.00,0.00,249.00,2023-03-10 03:54:19.050102+00:00
294,1,0.00,0.00,194.00,2023-03-10 03:49:18.903234+00:00
293,1,0.00,0.00,190.00,2023-03-10 03:44:19.540184+00:00
292,1,0.00,0.00,186.00,2023-03-10 03:39:19.538525+00:00
291,1,0.00,0.00,186.00,2023-03-10 03:34:19.534789+00:00
290,1,0.00,0.00,181.00,2023-03-10 03:29:19.485389+00:00
289,1,0.00,0.00,181.00,2023-03-10 03:24:19.212909+00:00
288,1,0.00,0.00,177.00,2023-03-10 03:19:19.370732+00:00
287,1,0.00,0.00,177.00,2023-03-10 03:14:19.614548+00:00
286,1,0.00,0.00,168.00,2023-03-10 03:09:19.864904+00:00
285,1,0.00,0.00,168.00,2023-03-10 03:04:19.857819+00:00
284,1,0.00,0.00,168.00,2023-03-10 02:59:34.966936+00:00
283,1,0.00,0.00,164.00,2023-03-10 02:48:55.296861+00:00
282,1,0.00,0.00,164.00,2023-03-10 02:47:46.995072+00:00
281,1,0.00,0.00,155.00,2023-03-10 02:42:47.516488+00:00
280,1,0.00,0.00,155.00,2023-03-10 02:37:47.017241+00:00
279,1,0.00,0.00,151.00,2023-03-10 02:32:46.916546+00:00
278,1,0.00,0.00,151.00,2023-03-10 02:27:47.641634+00:00
277,1,0.00,0.00,151.00,2023-03-10 02:22:47.321233+00:00
276,1,0.00,0.00,133.00,2023-03-10 02:17:47.419131+00:00
275,1,0.00,0.00,137.00,2023-03-10 02:12:47.568479+00:00
274,1,0.00,0.00,133.00,2023-03-10 02:07:47.643495+00:00
273,1,0.00,0.00,133.00,2023-03-10 02:02:47.267627+00:00
272,1,0.00,0.00,133.00,2023-03-10 01:57:47.813518+00:00
271,1,0.00,0.00,133.00,2023-03-10 01:52:47.582826+00:00
270,1,0.00,0.00,133.00,2023-03-10 01:48:08.445674+00:00
269,1,0.00,0.00,133.00,2023-03-10 01:47:25.002635+00:00
268,1,0.00,0.00,133.00,2023-03-10 01:42:24.623672+00:00
267,1,0.00,0.00,137.00,2023-03-10 01:37:24.750436+00:00
266,1,0.00,0.00,124.00,2023-03-10 01:32:24.954584+00:00
265,1,0.00,0.00,120.00,2023-03-10 01:27:25.401132+00:00
264,1,0.00,0.00,124.00,2023-03-10 01:22:25.086777+00:00
263,1,0.00,0.00,124.00,2023-03-10 01:17:25.317138+00:00
262,1,0.00,0.00,128.00,2023-03-10 01:12:25.167368+00:00
261,1,0.00,0.00,132.00,2023-03-10 01:07:25.268506+00:00
260,1,0.00,0.00,120.00,2023-03-10 01:02:25.272512+00:00
259,1,0.00,0.00,123.00,2023-03-10 00:57:25.557501+00:00
258,1,0.00,0.00,128.00,2023-03-10 00:52:32.440192+00:00
257,1,0.00,0.00,136.00,2023-03-10 00:47:40.796066+00:00
256,1,0.00,0.00,136.00,2023-03-10 00:47:02.387853+00:00
255,1,0.00,0.00,119.00,2023-03-10 00:42:02.994174+00:00
254,1,0.00,0.00,123.00,2023-03-10 00:37:02.521843+00:00
253,1,0.00,0.00,114.00,2023-03-10 00:32:03.025991+00:00
252,1,0.00,0.00,118.00,2023-03-10 00:27:02.838065+00:00
251,1,0.00,0.00,159.00,2023-03-10 00:22:02.761775+00:00
250,1,0.00,0.00,109.00,2023-03-10 00:17:02.846125+00:00
249,1,0.00,0.00,114.00,2023-03-10 00:12:02.863827+00:00
248,1,0.00,0.00,100.00,2023-03-10 00:07:02.916417+00:00
247,1,0.00,0.00,100.00,2023-03-10 00:02:03.311201+00:00
246,1,0.00,0.00,104.00,2023-03-09 23:57:03.166838+00:00
245,1,0.00,0.00,113.00,2023-03-09 23:52:03.404973+00:00
244,1,0.00,0.00,100.00,2023-03-09 23:47:24.747197+00:00
243,1,0.00,0.00,100.00,2023-03-09 23:46:02.590219+00:00
242,1,0.00,0.00,104.00,2023-03-09 23:41:02.181613+00:00
241,1,0.00,0.00,108.00,2023-03-09 23:36:02.769228+00:00
240,1,0.00,0.00,103.00,2023-03-09 23:31:02.577192+00:00
239,1,0.00,0.00,111.00,2023-03-09 23:26:02.671551+00:00
238,1,0.00,0.00,107.00,2023-03-09 23:21:02.918086+00:00
237,1,0.00,0.00,102.00,2023-03-09 23:16:02.904789+00:00
236,1,0.00,0.00,102.00,2023-03-09 23:11:02.574400+00:00
235,1,0.00,0.00,97.00,2023-03-09 23:06:02.686217+00:00
234,1,0.00,0.00,96.00,2023-03-09 23:01:02.731064+00:00
233,1,0.00,0.00,100.00,2023-03-09 22:56:02.891909+00:00
232,1,0.00,0.00,90.00,2023-03-09 22:51:02.900365+00:00
231,1,0.00,0.00,89.00,2023-03-09 22:46:20.142072+00:00
230,1,0.00,0.00,84.00,2023-03-09 22:45:45.320557+00:00
229,1,0.00,0.00,69.00,2023-03-09 22:40:45.460460+00:00
228,1,0.00,0.00,73.00,2023-03-09 22:35:45.403757+00:00
227,1,0.00,0.00,68.00,2023-03-09 22:30:45.171380+00:00
226,1,0.00,0.00,114.00,2023-03-09 22:25:45.626035+00:00
225,1,0.00,0.00,114.00,2023-03-09 22:20:45.358331+00:00
224,1,0.00,0.00,113.00,2023-03-09 22:15:45.299993+00:00
223,1,0.00,0.00,109.00,2023-03-09 22:10:45.484235+00:00
222,1,0.00,0.00,109.00,2023-03-09 22:05:45.778961+00:00
221,1,0.00,0.00,112.00,2023-03-09 22:00:51.949565+00:00
220,1,0.00,0.00,112.00,2023-03-09 21:55:45.476297+00:00
219,1,0.00,0.00,103.00,2023-03-09 21:50:45.729329+00:00
218,1,0.00,0.00,102.00,2023-03-09 21:45:58.604733+00:00
217,1,0.00,0.00,98.00,2023-03-09 21:45:21.730595+00:00
216,1,0.00,0.00,94.00,2023-03-09 21:40:21.802255+00:00
215,1,0.00,0.00,94.00,2023-03-09 21:35:21.935625+00:00
214,1,0.00,0.00,89.00,2023-03-09 21:30:21.947567+00:00
213,1,0.00,0.00,89.00,2023-03-09 21:25:22.265837+00:00
212,1,0.00,0.00,89.00,2023-03-09 21:20:22.127318+00:00
211,1,0.00,0.00,88.00,2023-03-09 21:15:22.022718+00:00
210,1,0.00,0.00,114.00,2023-03-09 21:10:22.092905+00:00
209,1,0.00,0.00,105.00,2023-03-09 21:05:22.321478+00:00
208,1,0.00,0.00,104.00,2023-03-09 21:00:22.259779+00:00
207,1,0.00,0.00,105.00,2023-03-09 20:55:22.416455+00:00
206,1,0.00,0.00,104.00,2023-03-09 20:50:22.570168+00:00
205,1,0.00,0.00,104.00,2023-03-09 20:45:35.208482+00:00
204,1,0.00,0.00,104.00,2023-03-09 20:45:04.994068+00:00
203,1,0.00,0.00,105.00,2023-03-09 20:40:05.245236+00:00
202,1,0.00,0.00,110.00,2023-03-09 20:35:05.066065+00:00
201,1,0.00,0.00,110.00,2023-03-09 20:30:05.141517+00:00
200,1,0.00,0.00,110.00,2023-03-09 20:25:05.166650+00:00
199,1,0.00,0.00,110.00,2023-03-09 20:20:05.252797+00:00
198,1,0.00,0.00,114.00,2023-03-09 20:15:05.408830+00:00
197,1,0.00,0.00,114.00,2023-03-09 20:10:05.552407+00:00
196,1,0.00,0.00,114.00,2023-03-09 20:05:05.375894+00:00
195,1,0.00,0.00,114.00,2023-03-09 20:00:05.481218+00:00
194,1,0.00,0.00,109.00,2023-03-09 19:55:05.694648+00:00
193,1,0.00,0.00,113.00,2023-03-09 19:50:37.013742+00:00
192,1,0.00,0.00,113.00,2023-03-09 19:45:19.125647+00:00
191,1,0.00,0.00,113.00,2023-03-09 19:44:28.391006+00:00
190,1,0.00,0.00,113.00,2023-03-09 19:39:28.419506+00:00
189,1,0.00,0.00,113.00,2023-03-09 19:34:28.339831+00:00
188,1,0.00,0.00,113.00,2023-03-09 19:29:28.409721+00:00
187,1,0.00,0.00,212.00,2023-03-09 19:24:28.494057+00:00
186,1,0.00,0.00,211.00,2023-03-09 19:19:28.683124+00:00
185,1,0.00,0.00,125.00,2023-03-09 19:14:28.687103+00:00
184,1,0.00,0.00,124.00,2023-03-09 19:09:28.740940+00:00
183,1,0.00,0.00,121.00,2023-03-09 19:04:28.659878+00:00
182,1,0.00,0.00,112.00,2023-03-09 18:59:28.734942+00:00
181,1,0.00,0.00,187.00,2023-03-09 18:54:28.848877+00:00
180,1,0.00,0.00,187.00,2023-03-09 18:49:28.979148+00:00
179,1,0.00,0.00,187.00,2023-03-09 18:44:45.413784+00:00
178,1,0.00,0.00,191.00,2023-03-09 18:44:11.648333+00:00
177,1,0.00,0.00,187.00,2023-03-09 18:39:11.590575+00:00
176,1,0.00,0.00,191.00,2023-03-09 18:34:11.615393+00:00
175,1,0.00,0.00,195.00,2023-03-09 18:29:11.696741+00:00
174,1,0.00,0.00,195.00,2023-03-09 18:24:11.857910+00:00
173,1,0.00,0.00,195.00,2023-03-09 18:19:12.111925+00:00
172,1,0.00,0.00,190.00,2023-03-09 18:14:11.974481+00:00
171,1,0.00,0.00,190.00,2023-03-09 18:09:12.018777+00:00
170,1,0.00,0.00,195.00,2023-03-09 18:04:12.028987+00:00
169,1,0.00,0.00,190.00,2023-03-09 17:59:12.021789+00:00
168,1,0.00,0.00,194.00,2023-03-09 17:54:12.218409+00:00
167,1,0.00,0.00,202.00,2023-03-09 17:49:12.430485+00:00
166,1,0.00,0.00,198.00,2023-03-09 17:44:25.547371+00:00
165,1,0.00,0.00,198.00,2023-03-09 17:43:52.989169+00:00
164,1,0.00,0.00,202.00,2023-03-09 17:38:53.620607+00:00
163,1,0.00,0.00,202.00,2023-03-09 17:33:53.390540+00:00
162,1,0.00,0.00,198.00,2023-03-09 17:28:53.289580+00:00
161,1,0.00,0.00,197.00,2023-03-09 17:23:53.465413+00:00
160,1,0.00,0.00,197.00,2023-03-09 17:18:53.561923+00:00
159,1,0.00,0.00,196.00,2023-03-09 17:13:53.296707+00:00
158,1,0.00,0.00,202.00,2023-03-09 17:08:53.543899+00:00
157,1,0.00,0.00,189.00,2023-03-09 17:03:53.723656+00:00
156,1,0.00,0.00,188.00,2023-03-09 16:58:53.614705+00:00
155,1,0.00,0.00,184.00,2023-03-09 16:53:53.795224+00:00
154,1,0.00,0.00,184.00,2023-03-09 16:48:53.889404+00:00
153,1,0.00,0.00,178.00,2023-03-09 16:44:05.743081+00:00
152,1,0.00,0.00,178.00,2023-03-09 16:43:36.413717+00:00
151,1,0.00,0.00,209.00,2023-03-09 16:38:36.513432+00:00
150,1,0.00,0.00,204.00,2023-03-09 16:33:36.417200+00:00
149,1,0.00,0.00,204.00,2023-03-09 16:28:36.571699+00:00
148,1,0.00,0.00,204.00,2023-03-09 16:23:36.657810+00:00
147,1,0.00,0.00,200.00,2023-03-09 16:18:36.831568+00:00
146,1,0.00,0.00,203.00,2023-03-09 16:13:36.766015+00:00
145,1,0.00,0.00,200.00,2023-03-09 16:08:37.006748+00:00
144,1,0.00,0.00,196.00,2023-03-09 16:03:36.740533+00:00
143,1,0.00,0.00,200.00,2023-03-09 15:58:36.907397+00:00
142,1,0.00,0.00,204.00,2023-03-09 15:53:37.003133+00:00
141,1,0.00,0.00,212.00,2023-03-09 15:48:37.141584+00:00
140,1,0.00,0.00,124.00,2023-03-09 15:43:50.840315+00:00
139,1,0.00,0.00,202.00,2023-03-08 11:30:17.295466+00:00
138,1,0.00,0.00,181.00,2023-03-08 11:28:09.226932+00:00
137,1,0.00,0.00,175.00,2023-03-08 11:27:07.758329+00:00
136,1,0.00,0.00,234.00,2023-03-08 11:26:15.810188+00:00
135,1,0.00,0.00,100.00,2023-03-08 11:25:43.223510+00:00
134,1,0.00,0.00,170.00,2023-03-07 16:09:03.213571+00:00
133,1,0.00,0.00,159.00,2023-03-07 16:04:14.407706+00:00
132,1,0.00,0.00,128.00,2023-03-07 10:54:04.502972+00:00
131,1,0.00,0.00,178.00,2023-03-07 10:49:04.427243+00:00
130,1,0.00,0.00,124.00,2023-03-07 10:44:04.585681+00:00
129,1,0.00,0.00,120.00,2023-03-07 10:39:04.643496+00:00
128,1,0.00,0.00,120.00,2023-03-07 10:34:04.806726+00:00
127,1,0.00,0.00,120.00,2023-03-07 10:29:04.821493+00:00
126,1,0.00,0.00,149.00,2023-03-07 10:24:04.822596+00:00
125,1,0.00,0.00,187.00,2023-03-07 10:19:09.539131+00:00
124,1,0.00,0.00,187.00,2023-03-07 10:14:04.638496+00:00
123,1,0.00,0.00,178.00,2023-03-07 10:09:04.847915+00:00
122,1,0.00,0.00,182.00,2023-03-07 10:04:04.920954+00:00
121,1,0.00,0.00,187.00,2023-03-07 09:59:05.156122+00:00
120,1,0.00,0.00,187.00,2023-03-07 09:54:17.955956+00:00
119,1,0.00,0.00,187.00,2023-03-07 09:53:47.294091+00:00
118,1,0.00,0.00,191.00,2023-03-07 09:48:47.371515+00:00
117,1,0.00,0.00,191.00,2023-03-07 09:43:47.562674+00:00
116,1,0.00,0.00,195.00,2023-03-07 09:38:47.542272+00:00
115,1,0.00,0.00,204.00,2023-03-07 09:33:47.535190+00:00
114,1,0.00,0.00,217.00,2023-03-07 09:28:47.550984+00:00
113,1,0.00,0.00,150.00,2023-03-07 09:23:47.722816+00:00
112,1,0.00,0.00,137.00,2023-03-07 09:18:47.724721+00:00
111,1,0.00,0.00,132.00,2023-03-07 09:13:47.850115+00:00
110,1,0.00,0.00,137.00,2023-03-07 09:08:48.122197+00:00
109,1,0.00,0.00,133.00,2023-03-07 09:03:47.852667+00:00
108,1,0.00,0.00,133.00,2023-03-07 08:58:48.448681+00:00
107,1,0.00,0.00,133.00,2023-03-07 08:53:59.388920+00:00
106,1,0.00,0.00,133.00,2023-03-07 08:53:30.101986+00:00
105,1,0.00,0.00,124.00,2023-03-07 08:48:30.204364+00:00
104,1,0.00,0.00,128.00,2023-03-07 08:43:30.115501+00:00
103,1,0.00,0.00,128.00,2023-03-07 08:38:30.185198+00:00
102,1,0.00,0.00,128.00,2023-03-07 08:33:30.296459+00:00
101,1,0.00,0.00,128.00,2023-03-07 08:28:30.507962+00:00
100,1,0.00,0.00,119.00,2023-03-07 08:23:30.422417+00:00
99,1,0.00,0.00,118.00,2023-03-07 08:18:30.521551+00:00
98,1,0.00,0.00,118.00,2023-03-07 08:13:30.433990+00:00
97,1,0.00,0.00,109.00,2023-03-07 08:08:30.501584+00:00
96,1,0.00,0.00,114.00,2023-03-07 08:03:30.596168+00:00
95,1,0.00,0.00,118.00,2023-03-07 07:58:30.734598+00:00
94,1,0.00,0.00,104.00,2023-03-07 07:53:45.008609+00:00
93,1,0.00,0.00,160.00,2023-03-06 21:33:29.634340+00:00
92,1,0.00,0.00,156.00,2023-03-06 21:28:29.784434+00:00
91,1,0.00,0.00,148.00,2023-03-06 21:23:29.779791+00:00
90,1,0.00,0.00,151.00,2023-03-06 21:18:29.870992+00:00
89,1,0.00,0.00,124.00,2023-03-06 21:13:30.016658+00:00
88,1,0.00,0.00,149.00,2023-03-06 21:08:30.185734+00:00
87,1,0.00,0.00,149.00,2023-03-06 21:03:30.016103+00:00
86,1,0.00,0.00,149.00,2023-03-06 20:58:30.093376+00:00
85,1,0.00,0.00,149.00,2023-03-06 20:53:30.364597+00:00
84,1,0.00,0.00,149.00,2023-03-06 20:48:30.180716+00:00
83,1,0.00,0.00,149.00,2023-03-06 20:43:30.343270+00:00
82,1,0.00,0.00,154.00,2023-03-06 20:38:30.519755+00:00
81,1,0.00,0.00,153.00,2023-03-06 20:33:43.383887+00:00
80,1,0.00,0.00,149.00,2023-03-06 20:33:12.234928+00:00
79,1,0.00,0.00,161.00,2023-03-06 20:28:12.275202+00:00
78,1,0.00,0.00,173.00,2023-03-06 20:23:12.360261+00:00
77,1,0.00,0.00,181.00,2023-03-06 20:18:12.340546+00:00
76,1,0.00,0.00,137.00,2023-03-06 20:13:12.498395+00:00
75,1,0.00,0.00,134.00,2023-03-06 20:08:12.600943+00:00
74,1,0.00,0.00,151.00,2023-03-06 20:03:12.521966+00:00
73,1,0.00,0.00,147.00,2023-03-06 19:58:12.605367+00:00
72,1,0.00,0.00,151.00,2023-03-06 19:53:13.150438+00:00
71,1,0.00,0.00,151.00,2023-03-06 19:48:12.816772+00:00
70,1,0.00,0.00,151.00,2023-03-06 19:43:13.300607+00:00
69,1,0.00,0.00,151.00,2023-03-06 19:38:12.901466+00:00
68,1,0.00,0.00,151.00,2023-03-06 19:33:28.935812+00:00
67,1,0.00,0.00,150.00,2023-03-06 19:32:42.991038+00:00
66,1,0.00,0.00,124.00,2023-03-06 16:20:53.850763+00:00
65,1,0.00,0.00,182.00,2023-03-06 16:05:53.642333+00:00
64,1,0.00,0.00,107.00,2023-03-06 15:50:53.644313+00:00
63,1,0.00,0.00,103.00,2023-03-06 15:35:53.671592+00:00
62,1,0.00,0.00,101.00,2023-03-06 05:05:32.407371+00:00
61,1,0.00,0.00,101.00,2023-03-06 04:50:33.778862+00:00
60,1,0.00,0.00,101.00,2023-03-06 04:35:33.954013+00:00
59,1,0.00,0.00,101.00,2023-03-06 04:20:34.054597+00:00
58,1,0.00,0.00,102.00,2023-03-06 04:05:33.997934+00:00
57,1,0.00,0.00,112.00,2023-03-05 01:20:27.342631+00:00
56,1,0.00,0.00,111.00,2023-03-05 01:05:27.479933+00:00
55,1,0.00,0.00,111.00,2023-03-05 00:50:27.558795+00:00
54,1,0.00,0.00,99.00,2023-03-05 00:35:27.398725+00:00
53,1,0.00,0.00,130.00,2023-03-04 19:05:03.562154+00:00
52,1,0.00,0.00,125.00,2023-03-04 18:50:03.503606+00:00
51,1,0.00,0.00,121.00,2023-03-04 18:35:03.571431+00:00
50,1,0.00,0.00,121.00,2023-03-04 18:20:03.022519+00:00
49,1,0.00,0.00,21.00,2023-03-04 18:04:39.703503+00:00
48,1,0.00,0.00,112.00,2023-03-04 17:49:39.646900+00:00
47,1,0.00,0.00,108.00,2023-03-04 17:34:39.790817+00:00
46,1,0.00,0.00,103.00,2023-03-04 17:19:39.557103+00:00
45,1,0.00,0.00,91.00,2023-03-04 17:04:19.648827+00:00
44,1,0.00,0.00,86.00,2023-03-04 16:49:19.815941+00:00
43,1,0.00,0.00,86.00,2023-03-04 16:34:19.718461+00:00
42,1,0.00,0.00,91.00,2023-03-04 16:19:19.269308+00:00
41,1,0.00,0.00,69.00,2023-03-04 16:04:04.937961+00:00
40,1,0.00,0.00,69.00,2023-03-04 15:49:05.091464+00:00
39,1,0.00,0.00,157.00,2023-03-04 15:34:05.137264+00:00
38,1,0.00,0.00,50.00,2023-03-04 15:19:04.729115+00:00
37,1,0.00,0.00,148.00,2023-03-04 04:03:53.305062+00:00
36,1,0.00,0.00,148.00,2023-03-04 03:48:53.467437+00:00
35,1,0.00,0.00,148.00,2023-03-04 03:33:53.438401+00:00
34,1,0.00,0.00,148.00,2023-03-04 03:18:53.337126+00:00
33,1,0.00,0.00,24.00,2023-03-03 21:48:34.246306+00:00
32,1,0.00,0.00,19.00,2023-03-03 21:33:34.541072+00:00
31,1,0.00,0.00,161.00,2023-03-03 21:18:34.387951+00:00
30,1,0.00,0.00,157.00,2023-03-03 21:03:34.194019+00:00
29,1,0.00,0.00,152.00,2023-03-03 20:48:19.355953+00:00
28,1,0.00,0.00,148.00,2023-03-03 20:33:19.494909+00:00
27,1,0.00,0.00,144.00,2023-03-03 20:18:19.583068+00:00
26,1,0.00,0.00,135.00,2023-03-03 20:03:19.816211+00:00
25,1,0.00,0.00,135.00,2023-03-03 19:48:03.648371+00:00
24,1,0.00,0.00,139.00,2023-03-03 19:33:03.606753+00:00
23,1,0.00,0.00,182.00,2023-03-03 19:18:03.755372+00:00
22,1,0.00,0.00,144.00,2023-03-03 19:03:03.536915+00:00
21,1,0.00,0.00,135.00,2023-03-03 18:47:39.097545+00:00
20,1,0.00,0.00,128.00,2023-03-03 18:32:38.599610+00:00
19,1,0.00,0.00,132.00,2023-03-03 18:17:39.188944+00:00
18,1,0.00,0.00,132.00,2023-03-03 18:02:38.738408+00:00
17,1,0.00,0.00,131.00,2023-03-03 07:17:15.220231+00:00
16,1,0.00,0.00,126.00,2023-03-03 07:02:15.161817+00:00
15,1,0.00,0.00,133.00,2023-03-03 06:47:15.330554+00:00
14,1,0.00,0.00,132.00,2023-03-03 06:32:15.110726+00:00
13,1,0.00,0.00,152.00,2023-03-02 22:07:05.421974+00:00
12,1,0.00,0.00,153.00,2023-03-02 21:52:05.557127+00:00
11,1,0.00,0.00,154.00,2023-03-02 21:37:05.638850+00:00
10,1,0.00,0.00,167.00,2023-03-02 21:22:05.541435+00:00
9,1,0.00,0.00,33.00,2023-03-01 13:38:31.690178+00:00
8,1,0.00,0.00,33.00,2023-03-01 13:23:32.844077+00:00
7,1,0.00,0.00,175.00,2023-03-01 13:08:33.009484+00:00
6,1,0.00,0.00,48.00,2023-03-01 12:53:33.009388+00:00
5,1,0.00,0.00,58.00,2023-03-01 12:38:33.162204+00:00
4,1,0.00,0.00,36.00,2023-03-01 12:21:50.335111+00:00
3,1,0.00,0.00,241.00,2023-03-01 12:02:37.933328+00:00
2,1,0.00,0.00,36.00,2023-03-01 12:01:53.722873+00:00
1,1,0.00,0.00,36.00,2023-03-01 12:01:02.197305+00:00
